"eps","revenue","cost","pi"
0.1,8.31488730901101,3.5572959640433,4.7575913449677
0.2,8.39904440017422,2.1933620188017,6.20568238137251
0.3,7.91268026163474,1.8626439626083,6.05003629902644
0.4,7.16290239652746,1.73596032949363,5.42694206703383
0.5,6.26807535967897,1.6745633324413,4.59351202723767
0.6,5.35091422406617,1.63943744618433,3.71147677788184
0.7,4.54070990834977,1.61817741477369,2.92253249357608
0.8,3.92491583813605,1.6041532752318,2.32076256290425
0.9,3.51867238506284,1.59468850159623,1.92398388346661
